ego,b,c,third_edge,w_ab,w_ac,w_bc,BT,absBT,classe_signed
specqq,lobsterisch,OnDrugsTonight,B->C,0.2,0.2,-0.8,-0.03200000000000001,0.03200000000000001,levemente desbalanceada
StoppableHulk,ClaretClarinets,OpheliaRainGalaxy,C->B,0.9,0.8,0.75,0.54,0.54,fortemente balanceada
lobsterisch,OnDrugsTonight,specqq,C->B,-0.8,0.8,0.2,-0.12800000000000003,0.12800000000000003,levemente desbalanceada
BTRCguy,alucarddrol,Hesitation-Marx,B->C,0.2,-0.8,0.85,-0.136,0.136,levemente desbalanceada
BTRCguy,alucarddrol,Hesitation-Marx,C->B,0.2,-0.8,0.2,-0.03200000000000001,0.03200000000000001,levemente desbalanceada
ExplosiveDisassembly,Kinetic93,thelionsmouth,B->C,0.4,0.45,0.725,0.1305,0.1305,levemente balanceada
ExplosiveDisassembly,Kinetic93,thelionsmouth,C->B,0.4,0.45,0.9,0.16200000000000003,0.16200000000000003,levemente balanceada
ThatAirsickLowlander,scorpyo72,TeutonJon78,B->C,0.8,0.8,0.0,0.0,0.0,levemente desbalanceada
ThatAirsickLowlander,scorpyo72,TeutonJon78,C->B,0.8,0.8,0.8,0.5120000000000001,0.5120000000000001,fortemente balanceada
TeutonJon78,ThatAirsickLowlander,scorpyo72,B->C,0.9,0.8,0.8,0.5760000000000001,0.5760000000000001,fortemente balanceada
GhazelleBerner,Three_Froggy_Problem,hokis2k,C->B,0.8,-0.1,0.7,-0.05600000000000001,0.05600000000000001,levemente desbalanceada
Hiddenagenda876,tenfolddamage,yourlittlebirdie,B->C,0.2,0.2,0.2,0.008000000000000002,0.008000000000000002,levemente balanceada
Hiddenagenda876,transient_eternity,yourlittlebirdie,B->C,0.2,0.2,0.0,0.0,0.0,levemente desbalanceada
Hiddenagenda876,transient_eternity,yourlittlebirdie,C->B,0.2,0.2,-0.8,-0.03200000000000001,0.03200000000000001,levemente desbalanceada
Hiddenagenda876,TopazTriad,Overton_Glazier,B->C,0.2,0.8,0.0,0.0,0.0,levemente desbalanceada
Hiddenagenda876,TopazTriad,BBfan-Jr,B->C,0.2,0.8,0.2,0.03200000000000001,0.03200000000000001,levemente balanceada
Hiddenagenda876,TopazTriad,BBfan-Jr,C->B,0.2,0.8,0.8,0.12800000000000003,0.12800000000000003,levemente balanceada
Hiddenagenda876,Overton_Glazier,yourlittlebirdie,B->C,0.8,0.2,-0.35714285714285715,-0.057142857142857155,0.057142857142857155,levemente desbalanceada
Hiddenagenda876,Overton_Glazier,yourlittlebirdie,C->B,0.8,0.2,-0.3416666666666666,-0.05466666666666667,0.05466666666666667,levemente desbalanceada
Hiddenagenda876,yourlittlebirdie,BBfan-Jr,B->C,0.2,0.8,0.2,0.03200000000000001,0.03200000000000001,levemente balanceada
Hiddenagenda876,yourlittlebirdie,BBfan-Jr,C->B,0.2,0.8,0.8,0.12800000000000003,0.12800000000000003,levemente balanceada
Silver-Bread4668,TintedApostle,Acceptable_Moose1881,C->B,0.8,-1.0,-1.0,0.8,0.8,fortemente balanceada
9_to_5_till_i_die,GhazelleBerner,Melodic-Worry-9797,C->B,-0.0375,-0.18333333333333335,0.2,0.0013750000000000001,0.0013750000000000001,levemente balanceada
hokis2k,GhazelleBerner,Three_Froggy_Problem,B->C,-0.057142857142857155,0.7,0.8,-0.03200000000000001,0.03200000000000001,levemente desbalanceada
hokis2k,aslan_is_on_the_move,Three_Froggy_Problem,B->C,-0.8,0.7,0.8,-0.44799999999999995,0.44799999999999995,levemente desbalanceada
mojitz,GhazelleBerner,Melodic-Worry-9797,C->B,-0.3266666666666667,0.03571428571428571,0.2,-0.0023333333333333335,0.0023333333333333335,levemente desbalanceada
AssociateOk6035,turquoise_amethyst,Obversa,C->B,0.8,0.875,0.4,0.28,0.28,levemente balanceada
turquoise_amethyst,Mavian23,elconquistador1985,B->C,0.8,0.8,0.2125,0.136,0.136,levemente balanceada
turquoise_amethyst,Mavian23,elconquistador1985,C->B,0.8,0.8,0.11666666666666665,0.07466666666666667,0.07466666666666667,levemente balanceada
Obversa,AssociateOk6035,turquoise_amethyst,B->C,0.8,0.4,0.8,0.25600000000000006,0.25600000000000006,levemente balanceada
Obversa,AssociateOk6035,turquoise_amethyst,C->B,0.8,0.4,0.8,0.25600000000000006,0.25600000000000006,levemente balanceada
Mavian23,caligaris_cabinet,Important_Dark_9164,C->B,0.25,-0.9,0.2,-0.045000000000000005,0.045000000000000005,levemente desbalanceada
elconquistador1985,Ianthin1,AmericaVotedTrump,B->C,0.9,0.8,0.8,0.5760000000000001,0.5760000000000001,fortemente balanceada
elconquistador1985,Mavian23,turquoise_amethyst,C->B,0.11666666666666665,0.8,0.8,0.07466666666666666,0.07466666666666666,levemente balanceada
thrawtes,Icy-Bunch609,Ornery-Ticket834,C->B,0.6,0.8,0.5,0.24,0.24,levemente balanceada
Ornery-Ticket834,Interesting-Risk6446,Icy-Bunch609,B->C,0.0,0.5,0.6,0.0,0.0,levemente desbalanceada
Ornery-Ticket834,thrawtes,Icy-Bunch609,B->C,0.8,0.5,0.6,0.24,0.24,levemente balanceada
Melodic-Worry-9797,GhazelleBerner,mojitz,B->C,0.2,-0.29285714285714287,-0.05357142857142857,0.0031377551020408167,0.0031377551020408167,levemente balanceada
Melodic-Worry-9797,GhazelleBerner,mojitz,C->B,0.2,-0.29285714285714287,-0.3266666666666667,0.01913333333333334,0.01913333333333334,levemente balanceada
Melodic-Worry-9797,GhazelleBerner,9_to_5_till_i_die,B->C,0.2,-0.3875,0.13857142857142857,-0.010739285714285715,0.010739285714285715,levemente desbalanceada
Melodic-Worry-9797,GhazelleBerner,9_to_5_till_i_die,C->B,0.2,-0.3875,-0.0375,0.0029062500000000004,0.0029062500000000004,levemente balanceada
Melodic-Worry-9797,GhazelleBerner,Melodic-Worry-9797,C->B,0.2,-0.21000000000000002,0.2,-0.008400000000000003,0.008400000000000003,levemente desbalanceada
Melodic-Worry-9797,GhazelleBerner,Three_Froggy_Problem,B->C,0.2,0.6,0.8,0.096,0.096,levemente balanceada
Melodic-Worry-9797,mojitz,Melodic-Worry-9797,B->C,-0.29285714285714287,-0.21000000000000002,0.03571428571428571,0.0021964285714285714,0.0021964285714285714,levemente balanceada
Melodic-Worry-9797,mojitz,Melodic-Worry-9797,C->B,-0.29285714285714287,-0.21000000000000002,-0.29285714285714287,-0.01801071428571429,0.01801071428571429,levemente desbalanceada
Melodic-Worry-9797,9_to_5_till_i_die,Melodic-Worry-9797,B->C,-0.3875,-0.21000000000000002,-0.18333333333333335,-0.014918750000000005,0.014918750000000005,levemente desbalanceada
Melodic-Worry-9797,9_to_5_till_i_die,Melodic-Worry-9797,C->B,-0.3875,-0.21000000000000002,-0.3875,-0.03153281250000001,0.03153281250000001,levemente desbalanceada
Melodic-Worry-9797,Melodic-Worry-9797,Three_Froggy_Problem,B->C,-0.21000000000000002,0.6,0.6,-0.0756,0.0756,levemente desbalanceada
Melodic-Worry-9797,Melodic-Worry-9797,Canium,B->C,-0.21000000000000002,0.95,0.95,-0.189525,0.189525,levemente desbalanceada
Melodic-Worry-9797,Melodic-Worry-9797,Vandersnatcher,B->C,-0.21000000000000002,-0.8,-0.8,-0.13440000000000005,0.13440000000000005,levemente desbalanceada
Melodic-Worry-9797,Melodic-Worry-9797,NotAnotherBlingBlop,B->C,-0.21000000000000002,-0.4,-0.4,-0.03360000000000001,0.03360000000000001,levemente desbalanceada
Melodic-Worry-9797,Melodic-Worry-9797,NotAnotherBlingBlop,C->B,-0.21000000000000002,-0.4,-0.37142857142857144,-0.03120000000000001,0.03120000000000001,levemente desbalanceada
Melodic-Worry-9797,Vandersnatcher,NotAnotherBlingBlop,B->C,-0.8,-0.4,0.2,0.06400000000000002,0.06400000000000002,levemente balanceada
IckyStickyIcky,Sadiecookie,PopPalsUnited,B->C,0.0,0.8,0.95,0.0,0.0,levemente desbalanceada
PopPalsUnited,nasorrty346tfrgser,Dangerous-Union-5883,B->C,0.8,-1.0,0.2,-0.16000000000000003,0.16000000000000003,levemente desbalanceada
Apprehensive-Cow9690,PopPalsUnited,davefish77,C->B,0.8,0.8,0.8,0.5120000000000001,0.5120000000000001,fortemente balanceada
IFHelper,Lord_Of_Shade57,thatnameagain,B->C,0.2,0.1076923076923077,0.0,0.0,0.0,levemente desbalanceada
IFHelper,Lord_Of_Shade57,thatnameagain,C->B,0.2,0.1076923076923077,-0.8,-0.017230769230769234,0.017230769230769234,levemente desbalanceada
nasorrty346tfrgser,PopPalsUnited,Dangerous-Union-5883,B->C,1.0,0.2,-1.0,-0.2,0.2,levemente desbalanceada
nasorrty346tfrgser,PopPalsUnited,Dangerous-Union-5883,C->B,1.0,0.2,0.4,0.08000000000000002,0.08000000000000002,levemente balanceada
Ok-disaster2022,civil_politician,nasorrty346tfrgser,B->C,0.8,0.95,-0.8,-0.6080000000000001,0.6080000000000001,fortemente desbalanceada
Ok-Wealth-7322,PopPalsUnited,hymie0,C->B,-1.0,0.8,0.6,-0.48,0.48,levemente desbalanceada
Ok-Wealth-7322,MongolianDonutKhan,Fastluck83,B->C,0.0,0.8,-0.9,-0.0,0.0,levemente desbalanceada
Ok-Wealth-7322,SeanKIL0,Aggravating_Money992,B->C,0.8,0.8,0.8,0.5120000000000001,0.5120000000000001,fortemente balanceada
Lord_Of_Shade57,thatnameagain,Jumpy_Bison_,B->C,0.0,0.2,0.2,0.0,0.0,levemente desbalanceada
Lord_Of_Shade57,thatnameagain,zernoc56,B->C,0.0,0.1,0.3333333333333333,0.0,0.0,levemente desbalanceada
Lord_Of_Shade57,thatnameagain,zernoc56,C->B,0.0,0.1,-0.75,-0.0,0.0,levemente desbalanceada
thatnameagain,IFHelper,Lord_Of_Shade57,B->C,0.20384615384615387,-0.8,0.2,-0.03261538461538462,0.03261538461538462,levemente desbalanceada
thatnameagain,zernoc56,Lord_Of_Shade57,B->C,0.3333333333333333,-0.8,0.5,-0.13333333333333333,0.13333333333333333,levemente desbalanceada
thatnameagain,zernoc56,Lord_Of_Shade57,C->B,0.3333333333333333,-0.8,0.1,-0.02666666666666667,0.02666666666666667,levemente desbalanceada
thatnameagain,Jumpy_Bison_,Lord_Of_Shade57,C->B,0.2,-0.8,0.2,-0.03200000000000001,0.03200000000000001,levemente desbalanceada
thatnameagain,Many_Negotiation_464,34Bard,B->C,-0.22999999999999998,-0.8,0.2,0.0368,0.0368,levemente balanceada
yourlittlebirdie,PawneePoppins,Unhappy_Scratch_9385,C->B,-0.8,-0.4,-0.8,-0.25600000000000006,0.25600000000000006,levemente desbalanceada
yourlittlebirdie,lisa_lionheart84,Unhappy_Scratch_9385,C->B,0.8,-0.4,0.0,-0.0,0.0,levemente desbalanceada
yourlittlebirdie,Overton_Glazier,Unhappy_Scratch_9385,B->C,-0.3416666666666666,-0.4,0.5,0.06833333333333333,0.06833333333333333,levemente balanceada
yourlittlebirdie,Overton_Glazier,Unhappy_Scratch_9385,C->B,-0.3416666666666666,-0.4,0.9,0.123,0.123,levemente balanceada
yourlittlebirdie,Overton_Glazier,Own_Alps_3108,B->C,-0.3416666666666666,0.2833333333333334,-0.7083333333333334,0.06857060185185186,0.06857060185185186,levemente balanceada
yourlittlebirdie,Overton_Glazier,Own_Alps_3108,C->B,-0.3416666666666666,0.2833333333333334,-0.5166666666666667,0.05001620370370371,0.05001620370370371,levemente balanceada
yourlittlebirdie,Overton_Glazier,Hiddenagenda876,B->C,-0.3416666666666666,0.25,0.2,-0.017083333333333332,0.017083333333333332,levemente desbalanceada
yourlittlebirdie,Overton_Glazier,Hiddenagenda876,C->B,-0.3416666666666666,0.25,0.8,-0.06833333333333333,0.06833333333333333,levemente desbalanceada
yourlittlebirdie,Overton_Glazier,Shifter25,B->C,-0.3416666666666666,0.6166666666666667,0.05,-0.010534722222222223,0.010534722222222223,levemente desbalanceada
yourlittlebirdie,Overton_Glazier,Shifter25,C->B,-0.3416666666666666,0.6166666666666667,0.3,-0.06320833333333332,0.06320833333333332,levemente desbalanceada
yourlittlebirdie,Unhappy_Scratch_9385,saera-targaryen,B->C,-0.4,-0.19,0.85,0.0646,0.0646,levemente balanceada
yourlittlebirdie,Unhappy_Scratch_9385,Julian81295,B->C,-0.4,0.6,-0.8,0.192,0.192,levemente balanceada
yourlittlebirdie,Unhappy_Scratch_9385,Own_Alps_3108,B->C,-0.4,0.2833333333333334,-0.8,0.09066666666666669,0.09066666666666669,levemente balanceada
yourlittlebirdie,Unhappy_Scratch_9385,Own_Alps_3108,C->B,-0.4,0.2833333333333334,0.2,-0.022666666666666672,0.022666666666666672,levemente desbalanceada
yourlittlebirdie,Unhappy_Scratch_9385,BBfan-Jr,B->C,-0.4,0.2,0.35,-0.028000000000000004,0.028000000000000004,levemente desbalanceada
yourlittlebirdie,Unhappy_Scratch_9385,BBfan-Jr,C->B,-0.4,0.2,0.8,-0.06400000000000002,0.06400000000000002,levemente desbalanceada
yourlittlebirdie,Unhappy_Scratch_9385,Hiddenagenda876,B->C,-0.4,0.25,0.8,-0.08000000000000002,0.08000000000000002,levemente desbalanceada
yourlittlebirdie,saera-targaryen,transient_eternity,B->C,-0.19,-0.8,0.8,0.12160000000000003,0.12160000000000003,levemente balanceada
yourlittlebirdie,saera-targaryen,transient_eternity,C->B,-0.19,-0.8,0.85,0.1292,0.1292,levemente balanceada
yourlittlebirdie,saera-targaryen,mitchconnerrc,B->C,-0.19,-0.8500000000000001,0.8,0.12920000000000004,0.12920000000000004,levemente balanceada
yourlittlebirdie,saera-targaryen,mitchconnerrc,C->B,-0.19,-0.8500000000000001,0.85,0.13727500000000004,0.13727500000000004,levemente balanceada
yourlittlebirdie,saera-targaryen,Julian81295,B->C,-0.19,0.6,0.0,-0.0,0.0,levemente desbalanceada
yourlittlebirdie,saera-targaryen,Own_Alps_3108,B->C,-0.19,0.2833333333333334,-0.8,0.04306666666666668,0.04306666666666668,levemente balanceada
yourlittlebirdie,saera-targaryen,Own_Alps_3108,C->B,-0.19,0.2833333333333334,-0.15000000000000002,0.008075000000000002,0.008075000000000002,levemente balanceada
yourlittlebirdie,saera-targaryen,Hiddenagenda876,B->C,-0.19,0.25,0.8,-0.038000000000000006,0.038000000000000006,levemente desbalanceada
yourlittlebirdie,transient_eternity,mitchconnerrc,C->B,-0.8,-0.8500000000000001,0.85,0.5780000000000001,0.5780000000000001,fortemente balanceada
yourlittlebirdie,transient_eternity,Hiddenagenda876,B->C,-0.8,0.25,0.2,-0.04000000000000001,0.04000000000000001,levemente desbalanceada
yourlittlebirdie,transient_eternity,Hiddenagenda876,C->B,-0.8,0.25,0.2,-0.04000000000000001,0.04000000000000001,levemente desbalanceada
yourlittlebirdie,BBfan-Jr,Hiddenagenda876,C->B,0.2,0.25,0.8,0.04000000000000001,0.04000000000000001,levemente balanceada
Overton_Glazier,yourlittlebirdie,Own_Alps_3108,B->C,-0.35714285714285715,-0.7083333333333334,0.2833333333333334,0.07167658730158732,0.07167658730158732,levemente balanceada
Overton_Glazier,yourlittlebirdie,Own_Alps_3108,C->B,-0.35714285714285715,-0.7083333333333334,0.4166666666666667,0.10540674603174606,0.10540674603174606,levemente balanceada
Overton_Glazier,yourlittlebirdie,Unhappy_Scratch_9385,B->C,-0.35714285714285715,0.5,-0.4,0.07142857142857144,0.07142857142857144,levemente balanceada
Overton_Glazier,yourlittlebirdie,Unhappy_Scratch_9385,C->B,-0.35714285714285715,0.5,-0.21666666666666667,0.03869047619047619,0.03869047619047619,levemente balanceada
Overton_Glazier,yourlittlebirdie,Hiddenagenda876,B->C,-0.35714285714285715,0.2,0.25,-0.01785714285714286,0.01785714285714286,levemente desbalanceada
Overton_Glazier,yourlittlebirdie,Hiddenagenda876,C->B,-0.35714285714285715,0.2,0.2,-0.014285714285714289,0.014285714285714289,levemente desbalanceada
Overton_Glazier,yourlittlebirdie,Shifter25,B->C,-0.35714285714285715,0.05,0.6166666666666667,-0.011011904761904764,0.011011904761904764,levemente desbalanceada
Overton_Glazier,yourlittlebirdie,Shifter25,C->B,-0.35714285714285715,0.05,0.225,-0.004017857142857143,0.004017857142857143,levemente desbalanceada
Overton_Glazier,Own_Alps_3108,Unhappy_Scratch_9385,B->C,-0.7083333333333334,0.5,0.2,-0.07083333333333335,0.07083333333333335,levemente desbalanceada
Overton_Glazier,Own_Alps_3108,Unhappy_Scratch_9385,C->B,-0.7083333333333334,0.5,-0.8,0.2833333333333334,0.2833333333333334,levemente balanceada
Overton_Glazier,Own_Alps_3108,Trogdor796,B->C,-0.7083333333333334,0.8,0.75,-0.42500000000000004,0.42500000000000004,levemente desbalanceada
Overton_Glazier,Unhappy_Scratch_9385,Trogdor796,B->C,0.5,0.8,0.2,0.08000000000000002,0.08000000000000002,levemente balanceada
Overton_Glazier,Unhappy_Scratch_9385,Hiddenagenda876,B->C,0.5,0.2,0.8,0.08000000000000002,0.08000000000000002,levemente balanceada
Overton_Glazier,Unhappy_Scratch_9385,CombinationSad8742,B->C,0.5,0.0,0.8,0.0,0.0,levemente desbalanceada
Overton_Glazier,Shifter25,CombinationSad8742,C->B,0.05,0.0,-0.8,-0.0,0.0,levemente desbalanceada
Overton_Glazier,Shifter25,dukefan15,B->C,0.05,0.0,0.25,0.0,0.0,levemente desbalanceada
Overton_Glazier,CombinationSad8742,Sabiancym,B->C,0.0,-0.8,0.2,-0.0,0.0,levemente desbalanceada
Overton_Glazier,BigManWAGun,Ok-Lets-Talk-It-Out,B->C,0.6,0.0,0.375,0.0,0.0,levemente desbalanceada
Overton_Glazier,BigManWAGun,Ok-Lets-Talk-It-Out,C->B,0.6,0.0,0.85,0.0,0.0,levemente desbalanceada
Unhappy_Scratch_9385,Key_Inevitable_2104,Original_moisture,B->C,0.25,0.8,-0.5,-0.1,0.1,levemente desbalanceada
Unhappy_Scratch_9385,TheRealBlueJade,fuenfsiebenneun,C->B,0.2,-1.0,0.0,-0.0,0.0,levemente desbalanceada
Unhappy_Scratch_9385,TheRealBlueJade,Original_moisture,B->C,0.2,0.8,-0.8,-0.12800000000000003,0.12800000000000003,levemente desbalanceada
Unhappy_Scratch_9385,Hiddenagenda876,tenfolddamage,B->C,0.8,0.2,0.2,0.03200000000000001,0.03200000000000001,levemente balanceada
Unhappy_Scratch_9385,Hiddenagenda876,yourlittlebirdie,B->C,0.8,-0.21666666666666667,0.2,-0.03466666666666667,0.03466666666666667,levemente desbalanceada
Unhappy_Scratch_9385,Hiddenagenda876,yourlittlebirdie,C->B,0.8,-0.21666666666666667,0.25,-0.043333333333333335,0.043333333333333335,levemente desbalanceada
Unhappy_Scratch_9385,Hiddenagenda876,saera-targaryen,C->B,0.8,0.85,0.8,0.544,0.544,fortemente balanceada
Unhappy_Scratch_9385,Hiddenagenda876,Overton_Glazier,B->C,0.8,0.9,0.8,0.5760000000000001,0.5760000000000001,fortemente balanceada
Unhappy_Scratch_9385,Hiddenagenda876,Overton_Glazier,C->B,0.8,0.9,0.2,0.14400000000000002,0.14400000000000002,levemente balanceada
Unhappy_Scratch_9385,Hiddenagenda876,TopazTriad,B->C,0.8,0.0,0.2,0.0,0.0,levemente desbalanceada
Unhappy_Scratch_9385,Hiddenagenda876,BBfan-Jr,B->C,0.8,0.35,0.8,0.22399999999999998,0.22399999999999998,levemente balanceada
Unhappy_Scratch_9385,danosaurus1,tenfolddamage,C->B,1.0,0.2,0.2,0.04000000000000001,0.04000000000000001,levemente balanceada
Unhappy_Scratch_9385,danosaurus1,teddytwelvetoes,B->C,1.0,-0.8,0.4,-0.32000000000000006,0.32000000000000006,levemente desbalanceada
Unhappy_Scratch_9385,tenfolddamage,yourlittlebirdie,B->C,0.2,-0.21666666666666667,0.2,-0.008666666666666668,0.008666666666666668,levemente desbalanceada
Unhappy_Scratch_9385,tenfolddamage,Forcistus,B->C,0.2,0.35000000000000003,0.2,0.014000000000000002,0.014000000000000002,levemente balanceada
Unhappy_Scratch_9385,lisa_lionheart84,yourlittlebirdie,B->C,0.0,-0.21666666666666667,0.0,-0.0,0.0,levemente desbalanceada
Unhappy_Scratch_9385,lisa_lionheart84,yourlittlebirdie,C->B,0.0,-0.21666666666666667,0.8,-0.0,0.0,levemente desbalanceada
Unhappy_Scratch_9385,yourlittlebirdie,saera-targaryen,B->C,-0.21666666666666667,0.85,-0.19,0.03499166666666667,0.03499166666666667,levemente balanceada
Unhappy_Scratch_9385,yourlittlebirdie,saera-targaryen,C->B,-0.21666666666666667,0.85,-0.12857142857142856,0.023678571428571427,0.023678571428571427,levemente balanceada
Unhappy_Scratch_9385,yourlittlebirdie,Own_Alps_3108,B->C,-0.21666666666666667,-0.8,0.2833333333333334,0.04911111111111112,0.04911111111111112,levemente balanceada
Unhappy_Scratch_9385,yourlittlebirdie,Own_Alps_3108,C->B,-0.21666666666666667,-0.8,0.4166666666666667,0.07222222222222223,0.07222222222222223,levemente balanceada
Unhappy_Scratch_9385,yourlittlebirdie,Overton_Glazier,B->C,-0.21666666666666667,0.9,-0.3416666666666666,0.06662499999999999,0.06662499999999999,levemente balanceada
Unhappy_Scratch_9385,yourlittlebirdie,Overton_Glazier,C->B,-0.21666666666666667,0.9,-0.35714285714285715,0.06964285714285715,0.06964285714285715,levemente balanceada
Unhappy_Scratch_9385,yourlittlebirdie,Julian81295,B->C,-0.21666666666666667,-0.8,0.6,0.104,0.104,levemente balanceada
Unhappy_Scratch_9385,yourlittlebirdie,Julian81295,C->B,-0.21666666666666667,-0.8,0.8,0.1386666666666667,0.1386666666666667,levemente balanceada
Unhappy_Scratch_9385,yourlittlebirdie,Forcistus,C->B,-0.21666666666666667,0.35000000000000003,0.8,-0.06066666666666668,0.06066666666666668,levemente desbalanceada
Unhappy_Scratch_9385,yourlittlebirdie,BBfan-Jr,B->C,-0.21666666666666667,0.35,0.2,-0.015166666666666669,0.015166666666666669,levemente desbalanceada
Unhappy_Scratch_9385,yourlittlebirdie,BBfan-Jr,C->B,-0.21666666666666667,0.35,0.8,-0.060666666666666674,0.060666666666666674,levemente desbalanceada
Unhappy_Scratch_9385,yourlittlebirdie,PawneePoppins,B->C,-0.21666666666666667,-0.8,-0.8,-0.1386666666666667,0.1386666666666667,levemente desbalanceada
Unhappy_Scratch_9385,saera-targaryen,Own_Alps_3108,B->C,0.85,-0.8,-0.8,0.544,0.544,fortemente balanceada
Unhappy_Scratch_9385,saera-targaryen,Own_Alps_3108,C->B,0.85,-0.8,-0.15000000000000002,0.10200000000000002,0.10200000000000002,levemente balanceada
Unhappy_Scratch_9385,saera-targaryen,Julian81295,B->C,0.85,-0.8,0.0,-0.0,0.0,levemente desbalanceada
Unhappy_Scratch_9385,saera-targaryen,Forcistus,B->C,0.85,0.35000000000000003,0.0,0.0,0.0,levemente desbalanceada
Unhappy_Scratch_9385,saera-targaryen,Forcistus,C->B,0.85,0.35000000000000003,0.0,0.0,0.0,levemente desbalanceada
Unhappy_Scratch_9385,Own_Alps_3108,Overton_Glazier,B->C,-0.8,0.9,-0.5166666666666667,0.3720000000000001,0.3720000000000001,levemente balanceada
Unhappy_Scratch_9385,Own_Alps_3108,Overton_Glazier,C->B,-0.8,0.9,-0.7083333333333334,0.5100000000000001,0.5100000000000001,fortemente balanceada
Unhappy_Scratch_9385,Own_Alps_3108,TopazTriad,B->C,-0.8,0.0,0.1,-0.0,0.0,levemente desbalanceada
Unhappy_Scratch_9385,Own_Alps_3108,TopazTriad,C->B,-0.8,0.0,0.2,-0.0,0.0,levemente desbalanceada
Unhappy_Scratch_9385,Own_Alps_3108,Trogdor796,B->C,-0.8,0.2,0.75,-0.12000000000000002,0.12000000000000002,levemente desbalanceada
Unhappy_Scratch_9385,Overton_Glazier,TopazTriad,C->B,0.9,0.0,0.0,0.0,0.0,levemente desbalanceada
Unhappy_Scratch_9385,Overton_Glazier,Trogdor796,B->C,0.9,0.2,0.8,0.14400000000000002,0.14400000000000002,levemente balanceada
Unhappy_Scratch_9385,Overton_Glazier,CombinationSad8742,B->C,0.9,0.8,0.0,0.0,0.0,levemente desbalanceada
Unhappy_Scratch_9385,Overton_Glazier,CombinationSad8742,C->B,0.9,0.8,0.6000000000000001,0.4320000000000001,0.4320000000000001,levemente balanceada
Unhappy_Scratch_9385,TopazTriad,BBfan-Jr,B->C,0.0,0.35,0.2,0.0,0.0,levemente desbalanceada
Unhappy_Scratch_9385,TopazTriad,BBfan-Jr,C->B,0.0,0.35,0.8,0.0,0.0,levemente desbalanceada
Unhappy_Scratch_9385,Trogdor796,BBfan-Jr,B->C,0.2,0.35,0.6,0.041999999999999996,0.041999999999999996,levemente balanceada
saera-targaryen,jawshoeaw,BareNakedSole,B->C,0.0,0.2,0.0,0.0,0.0,levemente desbalanceada
saera-targaryen,kehakas,Cute-Percentage-6660,C->B,0.8,0.8,0.8,0.5120000000000001,0.5120000000000001,fortemente balanceada
saera-targaryen,kehakas,transient_eternity,C->B,0.8,0.8,0.6,0.38400000000000006,0.38400000000000006,levemente balanceada
saera-targaryen,Cute-Percentage-6660,yourlittlebirdie,B->C,0.8,-0.12857142857142856,0.0,-0.0,0.0,levemente desbalanceada
saera-targaryen,Cute-Percentage-6660,lyreluna,B->C,0.8,-0.8,0.95,-0.6080000000000001,0.6080000000000001,fortemente desbalanceada
saera-targaryen,yourlittlebirdie,transient_eternity,B->C,-0.12857142857142856,0.8,-0.8,0.0822857142857143,0.0822857142857143,levemente balanceada
saera-targaryen,yourlittlebirdie,transient_eternity,C->B,-0.12857142857142856,0.8,0.0,-0.0,0.0,levemente desbalanceada
saera-targaryen,yourlittlebirdie,Hiddenagenda876,B->C,-0.12857142857142856,0.8,0.25,-0.025714285714285714,0.025714285714285714,levemente desbalanceada
saera-targaryen,yourlittlebirdie,Hiddenagenda876,C->B,-0.12857142857142856,0.8,0.2,-0.020571428571428574,0.020571428571428574,levemente desbalanceada
saera-targaryen,yourlittlebirdie,mitchconnerrc,B->C,-0.12857142857142856,0.8,-0.8500000000000001,0.08742857142857144,0.08742857142857144,levemente balanceada
saera-targaryen,yourlittlebirdie,mitchconnerrc,C->B,-0.12857142857142856,0.8,-0.8,0.0822857142857143,0.0822857142857143,levemente balanceada
saera-targaryen,yourlittlebirdie,Own_Alps_3108,B->C,-0.12857142857142856,-0.8,0.2833333333333334,0.029142857142857147,0.029142857142857147,levemente balanceada
saera-targaryen,yourlittlebirdie,Own_Alps_3108,C->B,-0.12857142857142856,-0.8,0.4166666666666667,0.04285714285714286,0.04285714285714286,levemente balanceada
saera-targaryen,yourlittlebirdie,Julian81295,B->C,-0.12857142857142856,0.0,0.6,-0.0,0.0,levemente desbalanceada
saera-targaryen,yourlittlebirdie,Julian81295,C->B,-0.12857142857142856,0.0,0.8,-0.0,0.0,levemente desbalanceada
saera-targaryen,yourlittlebirdie,Forcistus,C->B,-0.12857142857142856,0.0,0.8,-0.0,0.0,levemente desbalanceada
saera-targaryen,transient_eternity,Hiddenagenda876,B->C,0.8,0.8,0.2,0.12800000000000003,0.12800000000000003,levemente balanceada
saera-targaryen,transient_eternity,Hiddenagenda876,C->B,0.8,0.8,0.2,0.12800000000000003,0.12800000000000003,levemente balanceada
saera-targaryen,transient_eternity,mitchconnerrc,C->B,0.8,0.8,0.85,0.544,0.544,fortemente balanceada
transient_eternity,kehakas,saera-targaryen,C->B,0.6,0.85,0.8,0.40800000000000003,0.40800000000000003,levemente balanceada
transient_eternity,saera-targaryen,Hiddenagenda876,B->C,0.85,0.2,0.8,0.136,0.136,levemente balanceada
transient_eternity,saera-targaryen,yourlittlebirdie,B->C,0.85,0.0,-0.12857142857142856,-0.0,0.0,levemente desbalanceada
transient_eternity,saera-targaryen,yourlittlebirdie,C->B,0.85,0.0,-0.19,-0.0,0.0,levemente desbalanceada
transient_eternity,Hiddenagenda876,yourlittlebirdie,B->C,0.2,0.0,0.2,0.0,0.0,levemente desbalanceada
transient_eternity,Hiddenagenda876,yourlittlebirdie,C->B,0.2,0.0,0.25,0.0,0.0,levemente desbalanceada
mitchconnerrc,SS1989,yourlittlebirdie,B->C,0.8,-0.8,0.2,-0.12800000000000003,0.12800000000000003,levemente desbalanceada
mitchconnerrc,transient_eternity,saera-targaryen,B->C,0.85,0.85,0.85,0.6141249999999999,0.6141249999999999,fortemente balanceada
mitchconnerrc,transient_eternity,saera-targaryen,C->B,0.85,0.85,0.8,0.578,0.578,fortemente balanceada
mitchconnerrc,transient_eternity,yourlittlebirdie,B->C,0.85,-0.8,0.0,-0.0,0.0,levemente desbalanceada
mitchconnerrc,transient_eternity,yourlittlebirdie,C->B,0.85,-0.8,-0.8,0.544,0.544,fortemente balanceada
mitchconnerrc,saera-targaryen,yourlittlebirdie,B->C,0.85,-0.8,-0.12857142857142856,0.08742857142857142,0.08742857142857142,levemente balanceada
mitchconnerrc,saera-targaryen,yourlittlebirdie,C->B,0.85,-0.8,-0.19,0.1292,0.1292,levemente balanceada
mitchconnerrc,yourlittlebirdie,martinsuchan,C->B,-0.8,-0.8,0.8,0.5120000000000001,0.5120000000000001,fortemente balanceada
mitchconnerrc,Gavorn,franker,C->B,-0.10000000000000003,0.2,0.6,-0.012000000000000004,0.012000000000000004,levemente desbalanceada
Own_Alps_3108,Overton_Glazier,Unhappy_Scratch_9385,B->C,-0.5166666666666667,0.2,0.5,-0.05166666666666667,0.05166666666666667,levemente desbalanceada
Own_Alps_3108,Overton_Glazier,Unhappy_Scratch_9385,C->B,-0.5166666666666667,0.2,0.9,-0.09300000000000001,0.09300000000000001,levemente desbalanceada
Own_Alps_3108,Overton_Glazier,TopazTriad,C->B,-0.5166666666666667,0.1,0.0,-0.0,0.0,levemente desbalanceada
Own_Alps_3108,Overton_Glazier,Trogdor796,B->C,-0.5166666666666667,0.75,0.8,-0.31000000000000005,0.31000000000000005,levemente desbalanceada
Own_Alps_3108,Overton_Glazier,yourlittlebirdie,B->C,-0.5166666666666667,0.4166666666666667,-0.35714285714285715,0.07688492063492065,0.07688492063492065,levemente balanceada
Own_Alps_3108,Overton_Glazier,yourlittlebirdie,C->B,-0.5166666666666667,0.4166666666666667,-0.3416666666666666,0.07355324074074074,0.07355324074074074,levemente balanceada
Own_Alps_3108,Unhappy_Scratch_9385,saera-targaryen,B->C,0.2,-0.15000000000000002,0.85,-0.025500000000000005,0.025500000000000005,levemente desbalanceada
Own_Alps_3108,Unhappy_Scratch_9385,TopazTriad,B->C,0.2,0.1,0.0,0.0,0.0,levemente desbalanceada
Own_Alps_3108,Unhappy_Scratch_9385,Trogdor796,B->C,0.2,0.75,0.2,0.030000000000000006,0.030000000000000006,levemente balanceada
Own_Alps_3108,Unhappy_Scratch_9385,yourlittlebirdie,B->C,0.2,0.4166666666666667,-0.21666666666666667,-0.018055555555555557,0.018055555555555557,levemente desbalanceada
Own_Alps_3108,Unhappy_Scratch_9385,yourlittlebirdie,C->B,0.2,0.4166666666666667,-0.4,-0.03333333333333334,0.03333333333333334,levemente desbalanceada
Own_Alps_3108,saera-targaryen,yourlittlebirdie,B->C,-0.15000000000000002,0.4166666666666667,-0.12857142857142856,0.008035714285714287,0.008035714285714287,levemente balanceada
Own_Alps_3108,saera-targaryen,yourlittlebirdie,C->B,-0.15000000000000002,0.4166666666666667,-0.19,0.011875000000000004,0.011875000000000004,levemente balanceada
BBfan-Jr,SS1989,yourlittlebirdie,B->C,0.2,0.8,0.2,0.03200000000000001,0.03200000000000001,levemente balanceada
BBfan-Jr,TopazTriad,Unhappy_Scratch_9385,C->B,0.8,0.8,0.0,0.0,0.0,levemente desbalanceada
BBfan-Jr,yourlittlebirdie,mystery1411,C->B,0.8,0.65,0.1,0.052000000000000005,0.052000000000000005,levemente balanceada
BBfan-Jr,yourlittlebirdie,Unhappy_Scratch_9385,B->C,0.8,0.8,-0.4,-0.25600000000000006,0.25600000000000006,levemente desbalanceada
BBfan-Jr,yourlittlebirdie,Unhappy_Scratch_9385,C->B,0.8,0.8,-0.21666666666666667,-0.1386666666666667,0.1386666666666667,levemente desbalanceada
Shifter25,dukefan15,Overton_Glazier,B->C,0.25,0.3,0.6,0.045,0.045,levemente balanceada
Shifter25,dukefan15,Overton_Glazier,C->B,0.25,0.3,0.0,0.0,0.0,levemente desbalanceada
Shifter25,dukefan15,daxter4007,C->B,0.25,0.4227272727272728,-0.6,-0.06340909090909091,0.06340909090909091,levemente desbalanceada
Shifter25,yourlittlebirdie,Overton_Glazier,B->C,0.225,0.3,-0.3416666666666666,-0.0230625,0.0230625,levemente desbalanceada
Shifter25,yourlittlebirdie,Overton_Glazier,C->B,0.225,0.3,-0.35714285714285715,-0.024107142857142858,0.024107142857142858,levemente desbalanceada
RIPSyAbleman,DeRoeVanZwartePiet,CatoblepasQueefs,B->C,-0.75,-0.8,0.0,0.0,0.0,levemente desbalanceada
RIPSyAbleman,kos-or-kosm,Major5013,B->C,-0.8,-0.8,0.8,0.5120000000000001,0.5120000000000001,fortemente balanceada
OtherUserCharges,Mother_of_Kiddens,VGAddict,B->C,0.2,-0.30000000000000004,0.8,-0.048000000000000015,0.048000000000000015,levemente desbalanceada
ultradav24,TopazTriad,Overton_Glazier,B->C,0.8,0.0,0.0,0.0,0.0,levemente desbalanceada
CombinationSad8742,Shifter25,Overton_Glazier,B->C,-0.8,0.6000000000000001,0.3,-0.14400000000000002,0.14400000000000002,levemente desbalanceada
CombinationSad8742,Shifter25,Overton_Glazier,C->B,-0.8,0.6000000000000001,0.05,-0.024000000000000007,0.024000000000000007,levemente desbalanceada
CombinationSad8742,Overton_Glazier,Sabiancym,B->C,0.6000000000000001,0.2,-0.8,-0.09600000000000003,0.09600000000000003,levemente desbalanceada
BigManWAGun,Ok-Lets-Talk-It-Out,Overton_Glazier,C->B,0.375,0.0,0.0,0.0,0.0,levemente desbalanceada
tenfolddamage,danosaurus1,Unhappy_Scratch_9385,C->B,0.2,0.2,1.0,0.04000000000000001,0.04000000000000001,levemente balanceada
tenfolddamage,Unhappy_Scratch_9385,yourlittlebirdie,B->C,0.2,0.2,-0.21666666666666667,-0.008666666666666668,0.008666666666666668,levemente desbalanceada
tenfolddamage,Unhappy_Scratch_9385,yourlittlebirdie,C->B,0.2,0.2,-0.4,-0.016000000000000004,0.016000000000000004,levemente desbalanceada
tenfolddamage,Unhappy_Scratch_9385,Forcistus,B->C,0.2,0.2,0.35000000000000003,0.014000000000000004,0.014000000000000004,levemente balanceada
tenfolddamage,Unhappy_Scratch_9385,Forcistus,C->B,0.2,0.2,0.4,0.016000000000000004,0.016000000000000004,levemente balanceada
tenfolddamage,yourlittlebirdie,yesrushgenesis2112,C->B,0.2,0.6,0.8,0.096,0.096,levemente balanceada
tenfolddamage,yourlittlebirdie,Forcistus,C->B,0.2,0.2,0.8,0.03200000000000001,0.03200000000000001,levemente balanceada
TopazTriad,Overton_Glazier,Own_Alps_3108,B->C,0.0,0.2,-0.7083333333333334,-0.0,0.0,levemente desbalanceada
TopazTriad,Overton_Glazier,Own_Alps_3108,C->B,0.0,0.2,-0.5166666666666667,-0.0,0.0,levemente desbalanceada
Forcistus,yourlittlebirdie,saera-targaryen,B->C,0.8,0.0,-0.19,-0.0,0.0,levemente desbalanceada
Forcistus,yourlittlebirdie,saera-targaryen,C->B,0.8,0.0,-0.12857142857142856,-0.0,0.0,levemente desbalanceada
Forcistus,yourlittlebirdie,Unhappy_Scratch_9385,B->C,0.8,0.4,-0.4,-0.12800000000000003,0.12800000000000003,levemente desbalanceada
Forcistus,yourlittlebirdie,Unhappy_Scratch_9385,C->B,0.8,0.4,-0.21666666666666667,-0.06933333333333334,0.06933333333333334,levemente desbalanceada
Forcistus,saera-targaryen,Unhappy_Scratch_9385,C->B,0.0,0.4,0.85,0.0,0.0,levemente desbalanceada
boom929,b1llypilgrim,Thepearofgreatprice,C->B,-0.8,0.8,-0.8,0.5120000000000001,0.5120000000000001,fortemente balanceada
Cute-Percentage-6660,saera-targaryen,kehakas,B->C,0.9,0.8,0.8,0.5760000000000001,0.5760000000000001,fortemente balanceada
Cute-Percentage-6660,saera-targaryen,yourlittlebirdie,B->C,0.9,0.0,-0.12857142857142856,-0.0,0.0,levemente desbalanceada
Cute-Percentage-6660,saera-targaryen,yourlittlebirdie,C->B,0.9,0.0,-0.19,-0.0,0.0,levemente desbalanceada
Cute-Percentage-6660,saera-targaryen,lyreluna,B->C,0.9,0.95,-0.8,-0.684,0.684,fortemente desbalanceada
SS1989,yourlittlebirdie,BBfan-Jr,B->C,0.2,0.6,0.2,0.024,0.024,levemente balanceada
SS1989,yourlittlebirdie,BBfan-Jr,C->B,0.2,0.6,0.8,0.096,0.096,levemente balanceada
franker,Gavorn,mitchconnerrc,B->C,0.6,0.0,-0.13333333333333333,-0.0,0.0,levemente desbalanceada
franker,Gavorn,mitchconnerrc,C->B,0.6,0.0,-0.10000000000000003,-0.0,0.0,levemente desbalanceada
KorunaCorgi,CombinationSad8742,sereneandeternal,C->B,-0.8,1.0,0.8,-0.6400000000000001,0.6400000000000001,fortemente desbalanceada
KorunaCorgi,sereneandeternal,--Chug--,C->B,1.0,0.8,0.2,0.16000000000000003,0.16000000000000003,levemente balanceada
daxter4007,dukefan15,Shifter25,C->B,-0.6,0.06,0.25,-0.009,0.009,levemente desbalanceada
kos-or-kosm,Major5013,RIPSyAbleman,C->B,0.8,-0.275,-0.8,0.17600000000000005,0.17600000000000005,levemente balanceada
Thepearofgreatprice,boom929,b1llypilgrim,B->C,-0.8,-0.8,-0.8,-0.5120000000000001,0.5120000000000001,fortemente desbalanceada
cranberryalarmclock,Sabiancym,Overton_Glazier,C->B,0.6,0.0,-0.8,-0.0,0.0,levemente desbalanceada
notfeelany,Sabiancym,b1llypilgrim,B->C,0.95,0.8,-0.8,-0.6080000000000001,0.6080000000000001,fortemente desbalanceada
FrogsOnALog,Thepearofgreatprice,b1llypilgrim,B->C,0.8,-0.8,-0.8,0.5120000000000001,0.5120000000000001,fortemente balanceada
chaos_gremlins,chaos_gremlins,TheCervixPounder_69,B->C,-0.8,-0.8,-0.8,-0.5120000000000001,0.5120000000000001,fortemente desbalanceada
chaos_gremlins,chaos_gremlins,TheCervixPounder_69,C->B,-0.8,-0.8,0.4,0.25600000000000006,0.25600000000000006,levemente balanceada
Hesitation-Marx,BTRCguy,alucarddrol,B->C,0.0,0.2,0.2,0.0,0.0,levemente desbalanceada
Hesitation-Marx,alucarddrol,Ok_Chef_4850,C->B,0.2,0.2,-0.6,-0.024000000000000004,0.024000000000000004,levemente desbalanceada
Infamous_Employer_85,ArchdukeToes,fuzztooth,C->B,0.8500000000000001,0.75,0.25,0.15937500000000002,0.15937500000000002,levemente balanceada
Infamous_Employer_85,fuzztooth,Biodiversity1001,B->C,0.75,0.7,0.2,0.10499999999999998,0.10499999999999998,levemente balanceada
fuzztooth,Infamous_Employer_85,ArchdukeToes,B->C,0.825,0.25,0.8500000000000001,0.1753125,0.1753125,levemente balanceada
fuzztooth,Infamous_Employer_85,ArchdukeToes,C->B,0.825,0.25,0.85,0.17531249999999998,0.17531249999999998,levemente balanceada
fuzztooth,Infamous_Employer_85,Biodiversity1001,B->C,0.825,0.2,0.7,0.11549999999999999,0.11549999999999999,levemente balanceada
fuzztooth,BTRCguy,Biodiversity1001,B->C,0.8,0.2,0.725,0.11600000000000002,0.11600000000000002,levemente balanceada
fuzztooth,BTRCguy,Biodiversity1001,C->B,0.8,0.2,-0.8,-0.12800000000000003,0.12800000000000003,levemente desbalanceada
iclimbnaked,Objective_Pie8980,suffaluffapussycat,B->C,0.6,0.8,-0.8,-0.384,0.384,levemente desbalanceada
iclimbnaked,Objective_Pie8980,suffaluffapussycat,C->B,0.6,0.8,0.6,0.288,0.288,levemente balanceada
Ok_Distance_far,Professor-Woo,thurbs62,B->C,-0.7,-0.9,-0.8,-0.504,0.504,fortemente desbalanceada
Ok_Distance_far,HomoProfessionalis,kyngston,C->B,0.8,0.8,0.75,0.4800000000000001,0.4800000000000001,levemente balanceada
Professor-Woo,mcchicken_deathgrip,_the_sound,C->B,0.5,0.2,0.25,0.025,0.025,levemente balanceada
kyngston,HomoProfessionalis,Ok_Distance_far,B->C,0.75,0.8,0.8,0.4800000000000001,0.4800000000000001,levemente balanceada
kyngston,HomoProfessionalis,Ok_Distance_far,C->B,0.75,0.8,0.8,0.4800000000000001,0.4800000000000001,levemente balanceada
No-Departure-899,SeniorDaikon7038,orlinsky,B->C,0.8,0.8,0.0,0.0,0.0,levemente desbalanceada
No-Departure-899,KoBxElucidator,MostHumbleToEverLive,C->B,0.7,0.6,0.9,0.378,0.378,levemente balanceada
Current_Animator7546,forthewatch39,KoBxElucidator,B->C,0.8,0.25,0.25,0.05,0.05,levemente balanceada
Street_Friendship345,shoobe01,HotCaptain120,B->C,0.875,0.8,0.8,0.56,0.56,fortemente balanceada
Street_Friendship345,shoobe01,HotCaptain120,C->B,0.875,0.8,0.75,0.525,0.525,fortemente balanceada
Street_Friendship345,shoobe01,BioDriver,C->B,0.875,0.75,0.8,0.525,0.525,fortemente balanceada
Street_Friendship345,HotCaptain120,Collador1,B->C,0.8,-1.0,0.8,-0.6400000000000001,0.6400000000000001,fortemente desbalanceada
Street_Friendship345,HotCaptain120,Collador1,C->B,0.8,-1.0,0.0,-0.0,0.0,levemente desbalanceada
Street_Friendship345,Current_Animator7546,JarOfNightmares,C->B,0.85,0.425,0.1,0.036125,0.036125,levemente balanceada
vriska1,Cosmic_Seth,DawnOfHer,B->C,1.0,0.75,1.0,0.75,0.75,fortemente balanceada
Witchgrass,vriska1,KzooHotGirl00,B->C,0.25,0.2,0.8,0.04000000000000001,0.04000000000000001,levemente balanceada
Witchgrass,vriska1,KzooHotGirl00,C->B,0.25,0.2,0.8,0.04000000000000001,0.04000000000000001,levemente balanceada
HauntedCemetery,QbertsRube,Comfortable-Scar4643,C->B,0.8,0.8,0.95,0.6080000000000001,0.6080000000000001,fortemente balanceada
HauntedCemetery,Comfortable-Scar4643,GarmaCyro,C->B,0.8,0.8,0.8,0.5120000000000001,0.5120000000000001,fortemente balanceada
HauntedCemetery,zeusmeister,stickscall,B->C,1.0,0.85,0.8,0.68,0.68,fortemente balanceada
HauntedCemetery,troub,MagicGrit,B->C,0.9,0.9,0.85,0.6885,0.6885,fortemente balanceada
HauntedCemetery,MagicGrit,stickscall,B->C,0.9,0.85,0.9,0.6885,0.6885,fortemente balanceada
Comfortable-Scar4643,Ralph_hh,OnDrugsTonight,B->C,0.95,0.8,0.95,0.722,0.722,fortemente balanceada
cy_frame,Fairymask,lavransson,B->C,0.2,0.75,0.25,0.037500000000000006,0.037500000000000006,levemente balanceada
cy_frame,thehumongouswalrus,NotAnotherBlingBlop,B->C,-0.8,0.25,-0.8,0.16000000000000003,0.16000000000000003,levemente balanceada
Apprehensive-Care20z,sportsDude,BioDriver,B->C,0.25,0.8,0.8,0.16000000000000003,0.16000000000000003,levemente balanceada
Apprehensive-Care20z,MidnightNo1766,BioDriver,B->C,-1.0,0.8,0.8,-0.6400000000000001,0.6400000000000001,fortemente desbalanceada
TobioOkuma1,captainporcupine3,VaIeth,B->C,0.85,0.85,0.9,0.65025,0.65025,fortemente balanceada
DotGroundbreaking50,lil_chef77,ianrl337,B->C,0.2,0.2,-0.8,-0.03200000000000001,0.03200000000000001,levemente desbalanceada
DotGroundbreaking50,lil_chef77,ianrl337,C->B,0.2,0.2,0.2,0.008000000000000002,0.008000000000000002,levemente balanceada
timnphilly,TintedApostle,FuriousBuffalo,C->B,0.8,0.95,-0.8,-0.6080000000000001,0.6080000000000001,fortemente desbalanceada
JustAnother4848,AmericanSahara,Juonmydog,B->C,0.25,-0.3,0.85,-0.06375,0.06375,levemente desbalanceada
dudushat,saera-targaryen,hereslewy,C->B,0.8,-0.8500000000000001,0.95,-0.6460000000000001,0.6460000000000001,fortemente desbalanceada
identifytarget,RedPandaExplorer,EveningAgreeable2516,B->C,0.85,0.8,0.85,0.5780000000000001,0.5780000000000001,fortemente balanceada
hereslewy,saera-targaryen,dudushat,C->B,0.95,-0.8,0.8,-0.6080000000000001,0.6080000000000001,fortemente desbalanceada
--Chug--,SS1989,sereneandeternal,C->B,0.6,0.2,0.8,0.096,0.096,levemente balanceada
--Chug--,sereneandeternal,KorunaCorgi,C->B,0.2,0.2,1.0,0.04000000000000001,0.04000000000000001,levemente balanceada
Mateorabi,JournalistRecent1230,FreeDarkChocolate,C->B,0.8,0.8,0.75,0.4800000000000001,0.4800000000000001,levemente balanceada
FreeDarkChocolate,UhhBill,NeverLookBothWays,B->C,0.8,0.3666666666666667,0.8,0.23466666666666672,0.23466666666666672,levemente balanceada
FreeDarkChocolate,NeverLookBothWays,JournalistRecent1230,B->C,0.3666666666666667,0.75,0.8,0.22000000000000003,0.22000000000000003,levemente balanceada
FreeDarkChocolate,JournalistRecent1230,Mateorabi,B->C,0.75,0.8,0.0,0.0,0.0,levemente desbalanceada
FreeDarkChocolate,JournalistRecent1230,Mateorabi,C->B,0.75,0.8,0.8,0.4800000000000001,0.4800000000000001,levemente balanceada
starmartyr,neo_neanderthal,AsherGray,B->C,0.85,0.9,0.95,0.72675,0.72675,fortemente balanceada
starmartyr,neo_neanderthal,CalamityClambake,C->B,0.85,0.8,0.8,0.544,0.544,fortemente balanceada
CalamityClambake,starmartyr,neo_neanderthal,B->C,0.9,0.8,0.85,0.6120000000000001,0.6120000000000001,fortemente balanceada
Frowny575,starmartyr,AsherGray,B->C,0.8,0.9,0.9,0.6480000000000001,0.6480000000000001,fortemente balanceada
Frowny575,starmartyr,AsherGray,C->B,0.8,0.9,0.9,0.6480000000000001,0.6480000000000001,fortemente balanceada
gibbenskd,SpaceMonkeyMafiaBoss,gibbenskd,B->C,0.8000000000000002,0.8,0.3,0.19200000000000003,0.19200000000000003,levemente balanceada
gibbenskd,SpaceMonkeyMafiaBoss,gibbenskd,C->B,0.8000000000000002,0.8,0.8000000000000002,0.5120000000000002,0.5120000000000002,fortemente balanceada
gibbenskd,a_talking_face,gibbenskd,B->C,0.5,0.8,0.7749999999999999,0.31,0.31,levemente balanceada
gibbenskd,a_talking_face,gibbenskd,C->B,0.5,0.8,0.5,0.2,0.2,levemente balanceada
gibbenskd,Fearlessleader85,gibbenskd,B->C,0.7875,0.8,0.6666666666666666,0.42,0.42,levemente balanceada
gibbenskd,Fearlessleader85,gibbenskd,C->B,0.7875,0.8,0.7875,0.496125,0.496125,levemente balanceada
L1QU1DF1R3,Knightforlife,batmessiah,B->C,0.95,1.0,0.85,0.8075,0.8075,fortemente balanceada
FeelsGrimMan,forthewatch39,KoBxElucidator,B->C,0.2,0.8,0.25,0.04000000000000001,0.04000000000000001,levemente balanceada
FeelsGrimMan,No-Departure-899,KoBxElucidator,B->C,0.2,0.8,0.7,0.11200000000000002,0.11200000000000002,levemente balanceada
FeelsGrimMan,No-Departure-899,KoBxElucidator,C->B,0.2,0.8,0.85,0.136,0.136,levemente balanceada
Individual_Respect90,kundehotze,mcchicken_deathgrip,B->C,0.6,0.725,0.8,0.34800000000000003,0.34800000000000003,levemente balanceada
Individual_Respect90,kundehotze,mcchicken_deathgrip,C->B,0.6,0.725,0.2,0.08700000000000001,0.08700000000000001,levemente balanceada
Individual_Respect90,kundehotze,_the_sound,C->B,0.6,0.25,0.2,0.03,0.03,levemente balanceada
Individual_Respect90,mcchicken_deathgrip,_the_sound,C->B,0.725,0.25,0.25,0.0453125,0.0453125,levemente balanceada
kundehotze,mcchicken_deathgrip,WalterPecky,C->B,0.8,-0.8,-0.8,0.5120000000000001,0.5120000000000001,fortemente balanceada
mcchicken_deathgrip,Individual_Respect90,kundehotze,B->C,-0.8,0.2,0.6,-0.09600000000000002,0.09600000000000002,levemente desbalanceada
_the_sound,mcchicken_deathgrip,Individual_Respect90,B->C,0.25,0.6,-0.8,-0.12,0.12,levemente desbalanceada
_the_sound,mcchicken_deathgrip,Individual_Respect90,C->B,0.25,0.6,0.725,0.10875,0.10875,levemente balanceada
_the_sound,mcchicken_deathgrip,Professor-Woo,B->C,0.25,0.25,0.6,0.0375,0.0375,levemente balanceada
_the_sound,mcchicken_deathgrip,Professor-Woo,C->B,0.25,0.25,0.5,0.03125,0.03125,levemente balanceada
_the_sound,mcchicken_deathgrip,kundehotze,B->C,0.25,0.2,0.2,0.010000000000000002,0.010000000000000002,levemente balanceada
_the_sound,mcchicken_deathgrip,kundehotze,C->B,0.25,0.2,0.8,0.04000000000000001,0.04000000000000001,levemente balanceada
_the_sound,mcchicken_deathgrip,YoungestJimbo,B->C,0.25,0.25,0.8,0.05,0.05,levemente balanceada
_the_sound,mcchicken_deathgrip,YoungestJimbo,C->B,0.25,0.25,-1.0,-0.0625,0.0625,levemente desbalanceada
_the_sound,Individual_Respect90,kundehotze,B->C,0.6,0.2,0.6,0.072,0.072,levemente balanceada
quotidianwoe,Background_Cry3592,ImaginationToForm2,B->C,0.8,0.8,0.875,0.56,0.56,fortemente balanceada
quotidianwoe,Background_Cry3592,ImaginationToForm2,C->B,0.8,0.8,0.8999999999999999,0.5760000000000001,0.5760000000000001,fortemente balanceada
letstourthemaritimes,Ianthin1,PaddleFishBum,B->C,0.8,0.8,0.8,0.5120000000000001,0.5120000000000001,fortemente balanceada
letstourthemaritimes,Ianthin1,PaddleFishBum,C->B,0.8,0.8,0.8,0.5120000000000001,0.5120000000000001,fortemente balanceada
PaddleFishBum,letstourthemaritimes,Ianthin1,B->C,0.775,0.8,0.8,0.4960000000000001,0.4960000000000001,levemente balanceada
TrashApocalypse,IJustLoggedInToSay-,Old_Cryptid,C->B,0.2,0.6,0.7,0.08399999999999999,0.08399999999999999,levemente balanceada
jonnyredshorts,AINonsense,VexedCanadian84,B->C,0.3833333333333333,0.525,0.85,0.17106249999999998,0.17106249999999998,levemente balanceada
PokeYrMomStanley,aj9393,OnDrugsTonight,B->C,0.8,0.85,0.9,0.6120000000000001,0.6120000000000001,fortemente balanceada
PokeYrMomStanley,ShamrockAPD,OnDrugsTonight,B->C,0.8,0.85,0.85,0.5780000000000001,0.5780000000000001,fortemente balanceada
know-your-onions,teX_ray,BTRCguy,B->C,0.8,0.8,0.8,0.5120000000000001,0.5120000000000001,fortemente balanceada
WhoIsFrancisPuziene,kaytin911,adorientem88,B->C,0.7,0.8,0.8,0.44799999999999995,0.44799999999999995,levemente balanceada
PPvsFC_,Hesitation-Marx,Ok_Chef_4850,B->C,0.7,0.3,0.2,0.042,0.042,levemente balanceada
HB_of_PI,EmployAltruistic647,Apprehensive-Quit353,B->C,-0.8,-0.9,0.8,0.5760000000000001,0.5760000000000001,fortemente balanceada
HB_of_PI,1ccRun,PurZaer,C->B,0.8,-0.8,0.2,-0.12800000000000003,0.12800000000000003,levemente desbalanceada
mightcommentsometime,Simmery,CoyoteTheGreat,C->B,0.875,0.525,0.8,0.36750000000000005,0.36750000000000005,levemente balanceada
EmployAltruistic647,HB_of_PI,Apprehensive-Quit353,B->C,0.5,0.8,-0.9,-0.36000000000000004,0.36000000000000004,levemente desbalanceada
EmployAltruistic647,HB_of_PI,Apprehensive-Quit353,C->B,0.5,0.8,0.2,0.08000000000000002,0.08000000000000002,levemente balanceada
DohRayMeme,HB_of_PI,IveGotsTheRemedi,C->B,0.2,-0.7,0.8,-0.11199999999999999,0.11199999999999999,levemente desbalanceada
CoyoteTheGreat,Simmery,mightcommentsometime,B->C,0.8,-0.8,0.525,-0.3360000000000001,0.3360000000000001,levemente desbalanceada
CoyoteTheGreat,Simmery,mightcommentsometime,C->B,0.8,-0.8,0.875,-0.56,0.56,fortemente desbalanceada
Initial_Chemist_7616,areappreciated,aslan_is_on_the_move,C->B,0.8,0.25,-0.8,-0.16000000000000003,0.16000000000000003,levemente desbalanceada
aslan_is_on_the_move,Initial_Chemist_7616,areappreciated,B->C,0.8,-0.8,0.8,-0.5120000000000001,0.5120000000000001,fortemente desbalanceada
lyrae,Initial_Chemist_7616,aslan_is_on_the_move,B->C,-0.8,0.8,0.25,-0.16000000000000003,0.16000000000000003,levemente desbalanceada
lyrae,Initial_Chemist_7616,aslan_is_on_the_move,C->B,-0.8,0.8,0.8,-0.5120000000000001,0.5120000000000001,fortemente desbalanceada
HawkeyeSherman,Pofwoffle,Equivalent-Stand1674,B->C,1.0,0.8,0.2,0.16000000000000003,0.16000000000000003,levemente balanceada
HawkeyeSherman,Pofwoffle,Equivalent-Stand1674,C->B,1.0,0.8,0.1,0.08000000000000002,0.08000000000000002,levemente balanceada
Stereo_Jungle_Child,WildGuarantee4927,Colonel_Gentleman,B->C,0.8,0.8,0.8,0.5120000000000001,0.5120000000000001,fortemente balanceada
soros_spelt_backward,OldGaffer66,soros_spelt_backward,C->B,0.8,0.8,0.8,0.5120000000000001,0.5120000000000001,fortemente balanceada
suchasillydilly,hauteairballoon,Shot_Pool2543,C->B,0.8,0.9,0.85,0.6120000000000001,0.6120000000000001,fortemente balanceada
thisusedyet,Recent_Tap_9467,Rich_Birthday_1884,B->C,0.8,0.6,-0.8699999999999999,-0.4175999999999999,0.4175999999999999,levemente desbalanceada
thisusedyet,Recent_Tap_9467,Rich_Birthday_1884,C->B,0.8,0.6,-0.64,-0.3072,0.3072,levemente desbalanceada
Rich_Birthday_1884,thisusedyet,Recent_Tap_9467,B->C,-0.275,-0.64,0.8,0.1408,0.1408,levemente balanceada
Shot_Pool2543,hauteairballoon,suchasillydilly,C->B,0.85,0.8,0.8,0.544,0.544,fortemente balanceada
Tropicaldaze1950,Dyrogitory,suchasillydilly,B->C,0.95,0.4,0.75,0.28500000000000003,0.28500000000000003,levemente balanceada
WeirdBeerd,Sanator27,mousebluud,B->C,0.8,0.8,0.8,0.5120000000000001,0.5120000000000001,fortemente balanceada
zernoc56,Lord_Of_Shade57,thatnameagain,B->C,0.5,-0.75,0.0,-0.0,0.0,levemente desbalanceada
zernoc56,Lord_Of_Shade57,thatnameagain,C->B,0.5,-0.75,-0.8,0.30000000000000004,0.30000000000000004,levemente balanceada
Many_Negotiation_464,34Bard,thatnameagain,C->B,0.2,-0.4318181818181818,-0.8,0.06909090909090909,0.06909090909090909,levemente balanceada
Many_Negotiation_464,Willem_Dafuq,jhonka_,C->B,0.775,-0.13333333333333333,0.8,-0.08266666666666667,0.08266666666666667,levemente desbalanceada
BlindWillieJohnson,superbad,VaIeth,C->B,0.8,0.8,-0.8,-0.5120000000000001,0.5120000000000001,fortemente desbalanceada
LickMyTicker,Many_Negotiation_464,LotusFlare,C->B,-0.11000000000000001,0.3,-0.7,0.0231,0.0231,levemente balanceada
jhonka_,Willem_Dafuq,Many_Negotiation_464,C->B,0.8,-0.47000000000000003,0.775,-0.29140000000000005,0.29140000000000005,levemente desbalanceada
Important_Dark_9164,caligaris_cabinet,teddytwelvetoes,B->C,0.2,-0.8500000000000001,0.25,-0.04250000000000001,0.04250000000000001,levemente desbalanceada
Important_Dark_9164,caligaris_cabinet,Mavian23,C->B,0.2,-0.8,0.25,-0.04000000000000001,0.04000000000000001,levemente desbalanceada
Sminahin,AmrokMC,DotGroundbreaking50,C->B,0.85,0.25,0.8,0.17,0.17,levemente balanceada
IveGotsTheRemedi,HB_of_PI,DohRayMeme,B->C,0.8,-0.8,0.2,-0.12800000000000003,0.12800000000000003,levemente desbalanceada
IveGotsTheRemedi,HB_of_PI,DohRayMeme,C->B,0.8,-0.8,0.2,-0.12800000000000003,0.12800000000000003,levemente desbalanceada
Sea_Rabbit6131,Fairymask,lavransson,B->C,0.25,-0.8,0.25,-0.05,0.05,levemente desbalanceada
Ozcolllo,drmirage809,Ketzeph,C->B,0.2,0.8,0.75,0.12000000000000002,0.12000000000000002,levemente balanceada
Ozcolllo,Ketzeph,Joshd30,B->C,0.8,0.25,0.6,0.12,0.12,levemente balanceada
Ketzeph,JayHill74,iheartanalingus,B->C,0.3333333333333333,0.8,0.2,0.05333333333333334,0.05333333333333334,levemente balanceada
Ketzeph,JayHill74,iheartanalingus,C->B,0.3333333333333333,0.8,0.8,0.21333333333333335,0.21333333333333335,levemente balanceada
JayHill74,Ketzeph,iheartanalingus,B->C,0.7833333333333333,0.2,0.8,0.12533333333333335,0.12533333333333335,levemente balanceada
JayHill74,Ketzeph,iheartanalingus,C->B,0.7833333333333333,0.2,0.2,0.03133333333333334,0.03133333333333334,levemente balanceada
iheartanalingus,Ketzeph,JayHill74,B->C,0.2,0.8,0.3333333333333333,0.053333333333333344,0.053333333333333344,levemente balanceada
iheartanalingus,Ketzeph,JayHill74,C->B,0.2,0.8,0.7833333333333333,0.12533333333333335,0.12533333333333335,levemente balanceada
somethrows,Subject-Whole-6862,somethrows,C->B,0.8,0.75,0.8,0.4800000000000001,0.4800000000000001,levemente balanceada
thethehead,KronkLaSworda,Turioturen,C->B,-0.8,0.25,0.6,-0.12,0.12,levemente desbalanceada
Turioturen,thethehead,KronkLaSworda,B->C,0.8,0.6,-0.8,-0.384,0.384,levemente desbalanceada
Aranxi_89,Background_Cry3592,nhluhr,C->B,0.8,0.6,0.8,0.384,0.384,levemente balanceada
Aranxi_89,Silverspeed85,orion19819,B->C,0.8,0.8,0.85,0.544,0.544,fortemente balanceada
Aranxi_89,Bebopdavidson,SPARKYLOBO,C->B,0.8,0.0,0.2,0.0,0.0,levemente desbalanceada
SPARKYLOBO,Bebopdavidson,Aranxi_89,C->B,0.2,0.2,0.8,0.03200000000000001,0.03200000000000001,levemente balanceada
nhluhr,Background_Cry3592,Aranxi_89,C->B,0.8,0.6,0.8,0.384,0.384,levemente balanceada
RedWhiteChill,kos-or-kosm,Major5013,B->C,0.8,0.8,0.8,0.5120000000000001,0.5120000000000001,fortemente balanceada
RedWhiteChill,TemporarySun314,Major5013,B->C,0.85,0.8,0.25,0.17,0.17,levemente balanceada
acute_dilemma99,Unhappy_Scratch_9385,Hiddenagenda876,B->C,0.775,0.8,0.8,0.4960000000000001,0.4960000000000001,levemente balanceada
Trombophonium,SausageClatter,accruedainterest,B->C,0.8,0.2,0.0,0.0,0.0,levemente desbalanceada
philosoraptocopter,Shifter25,yourlittlebirdie,B->C,0.8,-0.8,0.225,-0.14400000000000004,0.14400000000000004,levemente desbalanceada
philosoraptocopter,Shifter25,yourlittlebirdie,C->B,0.8,-0.8,0.6166666666666667,-0.3946666666666668,0.3946666666666668,levemente desbalanceada
StatmanIbrahimovic,JA_MD_311,EMAW2008,B->C,0.06666666666666667,0.2,0.8,0.010666666666666668,0.010666666666666668,levemente balanceada
JA_MD_311,EMAW2008,StatmanIbrahimovic,B->C,0.8,0.3,0.0,0.0,0.0,levemente desbalanceada
JA_MD_311,EMAW2008,StatmanIbrahimovic,C->B,0.8,0.3,0.2,0.048,0.048,levemente balanceada
JA_MD_311,EMAW2008,Purify5,C->B,0.8,0.0,-0.8,-0.0,0.0,levemente desbalanceada
RoxyFan2001,AINonsense,HotPersimessage62,B->C,0.6,0.8,-0.8,-0.384,0.384,levemente desbalanceada
AINonsense,HotPersimessage62,RoxyFan2001,B->C,-0.8,0.2,0.8,-0.12800000000000003,0.12800000000000003,levemente desbalanceada
AINonsense,HotPersimessage62,RoxyFan2001,C->B,-0.8,0.2,0.8,-0.12800000000000003,0.12800000000000003,levemente desbalanceada
AINonsense,VexedCanadian84,jonnyredshorts,B->C,0.85,0.7,0.2,0.119,0.119,levemente balanceada
AINonsense,VexedCanadian84,jonnyredshorts,C->B,0.85,0.7,0.525,0.312375,0.312375,levemente balanceada
BigBangAssBanger_3D,blues111,TintedApostle,B->C,0.8,0.6,0.25,0.12,0.12,levemente balanceada
BigBangAssBanger_3D,blues111,TintedApostle,C->B,0.8,0.6,1.0,0.48,0.48,levemente balanceada
OhGodSoManyQuestions,duyogurt,acexprt,B->C,0.8,0.8,0.8,0.5120000000000001,0.5120000000000001,fortemente balanceada
OhGodSoManyQuestions,duyogurt,acexprt,C->B,0.8,0.8,0.8,0.5120000000000001,0.5120000000000001,fortemente balanceada
OhGodSoManyQuestions,duyogurt,Interesting-Risk6446,B->C,0.8,0.0,0.8,0.0,0.0,levemente desbalanceada
OhGodSoManyQuestions,duyogurt,tino_tortellini,C->B,0.8,0.8,-1.0,-0.6400000000000001,0.6400000000000001,fortemente desbalanceada
specialkk77,OpheliaRainGalaxy,maximumdownvote,C->B,0.8,0.6,0.6,0.288,0.288,levemente balanceada
acexprt,OhGodSoManyQuestions,duyogurt,B->C,0.8,0.8,0.8,0.5120000000000001,0.5120000000000001,fortemente balanceada
maximumdownvote,specialkk77,OpheliaRainGalaxy,B->C,0.6000000000000001,0.6,0.8,0.28800000000000003,0.28800000000000003,levemente balanceada
maximumdownvote,Girls4super,OpheliaRainGalaxy,B->C,0.775,0.6,0.775,0.360375,0.360375,levemente balanceada
maximumdownvote,Girls4super,OpheliaRainGalaxy,C->B,0.775,0.6,0.725,0.33712499999999995,0.33712499999999995,levemente balanceada
Dr-DDT,LegitimateMoney00,Summerie,C->B,-0.8500000000000001,0.2,0.25,-0.04250000000000001,0.04250000000000001,levemente desbalanceada
Summerie,LegitimateMoney00,Dr-DDT,B->C,0.25,-0.7,-0.30000000000000004,0.052500000000000005,0.052500000000000005,levemente balanceada
Summerie,LegitimateMoney00,Dr-DDT,C->B,0.25,-0.7,-0.8500000000000001,0.14875,0.14875,levemente balanceada
Choppers-Top-Hat,ThunorBolt,Dangerous-Crow7494,C->B,0.8,0.25,0.95,0.19,0.19,levemente balanceada
thelionsmouth,StoppableHulk,ExplosiveDisassembly,B->C,0.8,0.6,0.95,0.45599999999999996,0.45599999999999996,levemente balanceada
thelionsmouth,Kinetic93,ExplosiveDisassembly,C->B,0.9,0.6,0.4,0.21600000000000003,0.21600000000000003,levemente balanceada
thelionsmouth,Pravusmentis,ExplosiveDisassembly,B->C,0.2,0.6,0.8,0.096,0.096,levemente balanceada
AceofKnaves44,MyNameIsRay,ElysiumSprouts,B->C,0.8,0.8,0.95,0.6080000000000001,0.6080000000000001,fortemente balanceada
urlach3r,jvn1983,peoplemagazine,B->C,0.9,0.8,-0.9,-0.6480000000000001,0.6480000000000001,fortemente desbalanceada
jvn1983,peoplemagazine,urlach3r,C->B,-0.9,0.85,0.8,-0.6120000000000001,0.6120000000000001,fortemente desbalanceada
chrispg26,jwright4105,Acceptable-Bus-2017,B->C,0.8,0.7,-0.8,-0.44799999999999995,0.44799999999999995,levemente desbalanceada
chrispg26,jwright4105,Acceptable-Bus-2017,C->B,0.8,0.7,0.0,0.0,0.0,levemente desbalanceada
defneverconsidered,armcie,Alu_sine,B->C,0.2,0.8,0.8,0.12800000000000003,0.12800000000000003,levemente balanceada
defneverconsidered,armcie,Alu_sine,C->B,0.2,0.8,0.25,0.04000000000000001,0.04000000000000001,levemente balanceada
FauxReal,HolySmokes802,pterribledactyls,B->C,0.8,-0.8,0.8,-0.5120000000000001,0.5120000000000001,fortemente desbalanceada
Mindless-Football-99,moomooraincloud,doyouevenIift,B->C,0.8,0.0,0.8,0.0,0.0,levemente desbalanceada
ChinDeLonge,Infamous_Employer_85,gGfsF5Sz2,B->C,-0.8,0.8,-0.8,0.5120000000000001,0.5120000000000001,fortemente balanceada
warm_sweater,Ralph_hh,OnDrugsTonight,B->C,0.8,0.95,0.95,0.722,0.722,fortemente balanceada
3dFunGuy,PatchyWhiskers,ImTheTroutman,B->C,0.2,-0.8,0.2,-0.03200000000000001,0.03200000000000001,levemente desbalanceada
Zahgi,sportsDude,Azmoten,C->B,0.8,0.9,0.75,0.54,0.54,fortemente balanceada
lexm,OnDrugsTonight,Ancient_Popcorn,B->C,0.95,0.95,0.0,0.0,0.0,levemente desbalanceada
yesrushgenesis2112,yourlittlebirdie,Julian81295,B->C,0.8,-0.8,0.6,-0.38400000000000006,0.38400000000000006,levemente desbalanceada
yesrushgenesis2112,yourlittlebirdie,Julian81295,C->B,0.8,-0.8,0.8,-0.5120000000000001,0.5120000000000001,fortemente desbalanceada
yesrushgenesis2112,yourlittlebirdie,ConvivialityFest,C->B,0.8,0.2,0.475,0.07600000000000001,0.07600000000000001,levemente balanceada
yesrushgenesis2112,yourlittlebirdie,tenfolddamage,C->B,0.8,0.525,0.2,0.08400000000000002,0.08400000000000002,levemente balanceada
Embarrassed_Jerk,IFHelper,adrr,B->C,0.2,0.8,0.8,0.12800000000000003,0.12800000000000003,levemente balanceada
Embarrassed_Jerk,IFHelper,adrr,C->B,0.2,0.8,0.8,0.12800000000000003,0.12800000000000003,levemente balanceada
rasa2013,filmantopia,Embarrassed_Jerk,B->C,-0.6,0.2,0.3,-0.036,0.036,levemente desbalanceada
dagetty,Embarrassed_Jerk,dagetty,C->B,0.9,0.85,0.9,0.6885,0.6885,fortemente balanceada
kodaxmax,StuffedInABoxx,VampirateV,C->B,0.6,0.75,0.2,0.09,0.09,levemente balanceada
HyruleSmash855,intub8ed,frenchezz,B->C,0.25,0.525,0.8,0.10500000000000001,0.10500000000000001,levemente balanceada
few23,Kordiana,few23,C->B,0.8,0.8,0.8,0.5120000000000001,0.5120000000000001,fortemente balanceada
few23,SomeGuyNamedPaul,few23,C->B,0.8,0.8,0.8,0.5120000000000001,0.5120000000000001,fortemente balanceada
PlacidDrugs,eirinne,HeyImGilly,B->C,0.75,0.8,0.7,0.42000000000000004,0.42000000000000004,levemente balanceada
dullship,AnOnlineHandle,zeusmeister,B->C,0.95,0.95,0.9,0.81225,0.81225,fortemente balanceada
ATLfalcons27,addctd2badideas,zeusmeister,B->C,0.2,0.9,0.2,0.036000000000000004,0.036000000000000004,levemente balanceada
CajunRoyalty,fross370,Taskerst,B->C,0.8,0.75,1.0,0.6000000000000001,0.6000000000000001,fortemente balanceada
Riot1990,ianrl337,FartyJizzums,C->B,0.6,0.0,0.25,0.0,0.0,levemente desbalanceada
FrozenBibitte,bellj1210,zeusmeister,B->C,0.95,0.8,0.95,0.722,0.722,fortemente balanceada
curtcollins825,AnOnlineHandle,zeusmeister,B->C,0.8,0.8,0.9,0.5760000000000002,0.5760000000000002,fortemente balanceada
AmIWhatTheRockCooked,Suitable-Display-410,Forward_Eye5420,C->B,0.85,1.0,0.8,0.68,0.68,fortemente balanceada
OneRacoonShort,Kana515,hfxRos,B->C,0.8,0.8,0.4,0.25600000000000006,0.25600000000000006,levemente balanceada
Alarming_invitation,BlueAndYellowTowels,sirgrogu12,B->C,0.6,0.8,0.25,0.12,0.12,levemente balanceada
LotusFlare,LickMyTicker,Many_Negotiation_464,B->C,-0.8,-0.7,-0.11000000000000001,-0.0616,0.0616,levemente desbalanceada
LotusFlare,LickMyTicker,Many_Negotiation_464,C->B,-0.8,-0.7,-0.3954545454545455,-0.22145454545454546,0.22145454545454546,levemente desbalanceada
Critic76,DulceEtDecorumEst,randomnighmare,C->B,-0.8,-1.0,0.2,0.16000000000000003,0.16000000000000003,levemente balanceada
randomnighmare,Critic76,DulceEtDecorumEst,B->C,-0.8,0.2,-0.8,0.12800000000000003,0.12800000000000003,levemente balanceada
sleepymeowth052,shouldbepracticing85,Flomo420,B->C,0.8,0.8,0.85,0.544,0.544,fortemente balanceada
ZephyrProductionsO7S,FartyJizzums,ZephyrProductionsO7S,C->B,0.0,0.95,0.0,0.0,0.0,levemente desbalanceada
ZephyrProductionsO7S,VergeThySinus,ZephyrProductionsO7S,B->C,0.85,0.95,0.75,0.605625,0.605625,fortemente balanceada
ZephyrProductionsO7S,VergeThySinus,ZephyrProductionsO7S,C->B,0.85,0.95,0.85,0.686375,0.686375,fortemente balanceada
ZephyrProductionsO7S,tweakingforjesus,ZephyrProductionsO7S,B->C,0.75,0.95,0.8,0.57,0.57,fortemente balanceada
ZephyrProductionsO7S,tweakingforjesus,ZephyrProductionsO7S,C->B,0.75,0.95,0.75,0.5343749999999999,0.5343749999999999,fortemente balanceada
ZephyrProductionsO7S,Secular_Cleric,ZephyrProductionsO7S,B->C,0.033333333333333305,0.95,-0.1125,-0.003562499999999997,0.003562499999999997,levemente desbalanceada
ZephyrProductionsO7S,Secular_Cleric,ZephyrProductionsO7S,C->B,0.033333333333333305,0.95,0.033333333333333305,0.0010555555555555537,0.0010555555555555537,levemente balanceada
intub8ed,frenchezz,HyruleSmash855,B->C,0.8,0.5,0.67,0.268,0.268,levemente balanceada
intub8ed,frenchezz,HyruleSmash855,C->B,0.8,0.5,0.525,0.21000000000000002,0.21000000000000002,levemente balanceada
Organic-Class-8537,ReturnOfNogginboink,AmrokMC,B->C,0.85,0.8,0.8,0.544,0.544,fortemente balanceada
Organic-Class-8537,Tundraspin,AmrokMC,B->C,-0.8,0.8,0.6,-0.38400000000000006,0.38400000000000006,levemente desbalanceada
playfulmessenger,Adventurous-Tone-311,Athleticsbaby,B->C,0.2,-0.9,0.8,-0.14400000000000002,0.14400000000000002,levemente desbalanceada
redassedchimp,MyNameIsRay,ElysiumSprouts,B->C,0.95,0.85,0.95,0.767125,0.767125,fortemente balanceada
SecularMisanthropy,redassedchimp,ElysiumSprouts,B->C,0.95,0.85,0.85,0.686375,0.686375,fortemente balanceada
YourFreeCorrection,Desperate_Bite_7538,Disastrous_Debt6883,B->C,-0.8,0.75,0.6,-0.36000000000000004,0.36000000000000004,levemente desbalanceada
lithaborn,OuterSpaceBootyHole,orion19819,B->C,0.8,0.75,0.0,0.0,0.0,levemente desbalanceada
OuterSpaceBootyHole,orion19819,lithaborn,C->B,0.0,0.8,0.75,0.0,0.0,levemente desbalanceada
freedomwider,General-Raspberry168,j0yfulLivinG,B->C,0.8,0.6,0.2,0.096,0.096,levemente balanceada
PoliticalNerdMa,PrinceSerdic,MyNameIsRay,C->B,0.0,0.8,0.8,0.0,0.0,levemente desbalanceada
PoliticalNerdMa,MyNameIsRay,ElysiumSprouts,B->C,0.8,0.8,0.95,0.6080000000000001,0.6080000000000001,fortemente balanceada
Fiernen699,PopPalsUnited,Background_Cry3592,C->B,-0.9,0.95,0.95,-0.8122499999999999,0.8122499999999999,fortemente desbalanceada
ribosometronome,Sixo,DotGroundbreaking50,B->C,0.2,0.2,0.2,0.008000000000000002,0.008000000000000002,levemente balanceada
KingBanhammer,RecduRecsu,boston_homo,B->C,0.8,0.9,0.8,0.5760000000000001,0.5760000000000001,fortemente balanceada
RobutNotRobot,alienbringer,UnhappyExchange9766,B->C,0.8,0.6,-0.8,-0.384,0.384,levemente desbalanceada
MuffinMan4Lyfe,Ok_Efficiency_3416,tiggie_7,B->C,-0.8,-0.8,-0.46666666666666673,-0.29866666666666675,0.29866666666666675,levemente desbalanceada
MuffinMan4Lyfe,Ok_Efficiency_3416,tiggie_7,C->B,-0.8,-0.8,0.06666666666666667,0.04266666666666667,0.04266666666666667,levemente balanceada
laplongejr,HauntedCemetery,elconquistador1985,B->C,0.75,0.8,0.8,0.4800000000000001,0.4800000000000001,levemente balanceada
197gpmol,ThaddeusJP,shoobe01,C->B,0.9,0.75,0.95,0.64125,0.64125,fortemente balanceada
Wes_Warhammer666,zeusmeister,stickscall,B->C,0.8,0.95,0.8,0.6080000000000001,0.6080000000000001,fortemente balanceada
Certain-Business-472,Herlock,steamygoon,B->C,0.8,0.6,0.8,0.384,0.384,levemente balanceada
Raesong,Wes_Warhammer666,stickscall,B->C,0.8,0.8,0.95,0.6080000000000001,0.6080000000000001,fortemente balanceada
Raesong,HauntedCemetery,stickscall,B->C,0.9,0.8,0.85,0.6120000000000001,0.6120000000000001,fortemente balanceada
FloridaGirlNikki,TrashApocalypse,IJustLoggedInToSay-,B->C,-1.0,1.0,0.2,-0.2,0.2,levemente desbalanceada
throwraW2,CmdDeadHand,d_pyro,B->C,0.6,0.2,0.6,0.072,0.072,levemente balanceada
Icy_Struggle_7291,Soggy_Panda2393,Icy_Struggle_7291,C->B,0.95,0.95,0.95,0.8573749999999999,0.8573749999999999,fortemente balanceada
WalterPecky,mcchicken_deathgrip,kundehotze,B->C,-0.8,-0.8,0.2,0.12800000000000003,0.12800000000000003,levemente balanceada
WalterPecky,mcchicken_deathgrip,kundehotze,C->B,-0.8,-0.8,0.8,0.5120000000000001,0.5120000000000001,fortemente balanceada
WalterPecky,mcchicken_deathgrip,YoungestJimbo,B->C,-0.8,-0.8,0.8,0.5120000000000001,0.5120000000000001,fortemente balanceada
WalterPecky,mcchicken_deathgrip,YoungestJimbo,C->B,-0.8,-0.8,-1.0,-0.6400000000000001,0.6400000000000001,fortemente desbalanceada
NeverLookBothWays,JournalistRecent1230,FreeDarkChocolate,C->B,0.8,0.2,0.75,0.12000000000000002,0.12000000000000002,levemente balanceada
adorablefuzzykitten,Ok_Distance_far,HomoProfessionalis,B->C,0.8,0.2,0.8,0.12800000000000003,0.12800000000000003,levemente balanceada
adorablefuzzykitten,Ok_Distance_far,HomoProfessionalis,C->B,0.8,0.2,0.8,0.12800000000000003,0.12800000000000003,levemente balanceada
msphd123,FrogsOnALog,Majestic_Gazelle,B->C,-0.8,0.6,-0.24000000000000005,0.11520000000000002,0.11520000000000002,levemente balanceada
msphd123,FrogsOnALog,Majestic_Gazelle,C->B,-0.8,0.6,0.05,-0.024,0.024,levemente desbalanceada
Jinren,strbeanjoe,thelionsmouth,B->C,0.75,0.2,0.6,0.09000000000000001,0.09000000000000001,levemente balanceada
I-seddit,Pizza_Low,The_Lost_Jedi,B->C,-0.8,0.85,0.8,-0.544,0.544,fortemente desbalanceada
viktor72,blackholedoughnuts,DeweyPLlama,B->C,0.0,0.0,0.7,0.0,0.0,levemente desbalanceada
morningsharts,invalidpassword,Unlikely_March_5173,C->B,-0.8,0.85,-0.8,0.544,0.544,fortemente balanceada
Nicadelphia,justsomebro10,Little-Maximum1290,C->B,0.0,0.0,-1.0,-0.0,0.0,levemente desbalanceada
jeromevedder,kevihaa,DotGroundbreaking50,B->C,0.0,0.25,0.0,0.0,0.0,levemente desbalanceada
Complex_Area_1007,orion19819,Complex_Area_1007,C->B,0.9,0.8,0.9,0.6480000000000001,0.6480000000000001,fortemente balanceada
Mercadi,Ill-Ad-7161,Cheeks_B_Flappin,C->B,0.8,-0.8,0.0,-0.0,0.0,levemente desbalanceada
fffan9391,Ielsoehasrearlyndd78,yourlittlebirdie,B->C,0.8,-1.0,-0.9,0.7200000000000001,0.7200000000000001,fortemente balanceada
MyFeetLookLikeHands,Julian81295,yourlittlebirdie,B->C,0.2,0.2,0.8,0.03200000000000001,0.03200000000000001,levemente balanceada
MyFeetLookLikeHands,Julian81295,yourlittlebirdie,C->B,0.2,0.2,0.6,0.024000000000000004,0.024000000000000004,levemente balanceada
RellenD,omega12596,Voluptulouis,B->C,0.2,-0.275,0.85,-0.04675000000000001,0.04675000000000001,levemente desbalanceada
bailaoban,HomoProfessionalis,Ill-Ad-7161,B->C,0.8,-1.0,0.2,-0.16000000000000003,0.16000000000000003,levemente desbalanceada
IcedTeaForever,elementality883,martinsuchan,B->C,0.75,0.8,0.8,0.4800000000000001,0.4800000000000001,levemente balanceada
theHoopty,PopPalsUnited,gregkiel,C->B,0.0,0.2,0.8,0.0,0.0,levemente desbalanceada
CmdDeadHand,throwraW2,d_pyro,B->C,0.8,0.6,0.2,0.096,0.096,levemente balanceada
CmdDeadHand,throwraW2,d_pyro,C->B,0.8,0.6,0.2,0.096,0.096,levemente balanceada
OptimusSecundus,Icy-Bunch609,Devil25_Apollo25,C->B,0.0,-0.8,-0.9,0.0,0.0,levemente desbalanceada
Putrid_Giggles,secksyboii,IJustLoggedInToSay-,B->C,0.8,0.67,0.95,0.5092,0.5092,fortemente balanceada
rexeditrex,Ok_Distance_far,AssociateOk6035,B->C,0.6,-0.8,-0.8,0.384,0.384,levemente balanceada
